"FirstName","lastName","email","username","JobTile","manager"
"Sabrina","Carter","scarter@fakeemailtest.com","sabrina.carter","Engineering Director","Chelsea Armstrong"
"Albert","Gray","agray@fakeemailtest.com","albert.gray","Engineering Director","Chelsea Armstrong"
"Tara","Allen","tallen@fakeemailtest.com","tara.allen","Engineering Manager","Albert Gray"
"Dale","Turner","dturner@fakeemailtest.com","dale.turner","QA Engineer","Tara Allen"
"Thomas","Holmes","tholmes@fakeemailtest.com","thomas.holmes","QA Engineer","Sabrina Carter"
"Rebecca","Tucker","rtucker@fakeemailtest.com","rebecca.tucker","QA Engineer","Albert Gray"
"Grace","Scott","gscott@fakeemailtest.com","grace.scott","QA Engineer","Julian Chapman"
"Vanessa","Harper","vharper@fakeemailtest.com","vanessa.harper","QA Engineer","Tara Allen"
"Paige","West","pwest@fakeemailtest.com","paige.west","SDET","Julian Chapman"
"Aiden","Carter","acarter@fakeemailtest.com","aiden.carter","SDET","Tara Allen"
"Frederick","Lloyd","flloyd@fakeemailtest.com","frederick.lloyd","SDET","Sabrina Carter"
"Sawyer","Morgan","smorgan@fakeemailtest.com","sawyer.morgan","SDET","Albert Gray"
"Maria","Reed","mreed@fakeemailtest.com","maria.reed","SDET","Julian Chapman"
"Vincent","Morris","vmorris@fakeemailtest.com","vincent.morris","SDET","Julian Chapman"
"Vincent","Ryan","vryan@fakeemailtest.com","vincent.ryan","Software Engineer","Sabrina Carter"
"Melissa","Allen","mallen@fakeemailtest.com","melissa.allen","Software Engineer","Albert Gray"
"Tony","Watson","twatson@fakeemailtest.com","tony.watson","Software Engineer","Sabrina Carter"
"Lucas","Howard","lhoward@fakeemailtest.com","lucas.howard","Software Engineer","Julian Chapman"
"Isabella","Thomas","ithomas@fakeemailtest.com","isabella.thomas","SRE","Tara Allen"
"Sam","West","swest@fakeemailtest.com","sam.west","SRE","Tara Allen"
"Ada","Clark","aclark@fakeemailtest.com","ada.clark","SRE","Tara Allen"
"Sophia","Holmes","sholmes@fakeemailtest.com","sophia.holmes","SRE","Julian Chapman"
"Daniel","Murphy","dmurphy@fakeemailtest.com","daniel.murphy","SRE","Tara Allen"
"Ned","Martin","nmartin@fakeemailtest.com","ned.martin","SRE","Julian Chapman"
